Hours since 00:00 Jan 1,Hourly Data: AC inverter power (W)
744.5,0.0
745.5,0.0
746.5,0.0
747.5,0.0
748.5,0.0
749.5,0.0
750.5,0.0
751.5,8.42344
752.5,259.389
753.5,431.92800000000005
754.5,557.119
755.5,625.582
756.5,637.8340000000001
757.5,595.151
758.5,485.056
759.5,314.184
760.5,112.06
761.5,0.0
762.5,0.0
763.5,0.0
764.5,0.0
765.5,0.0
766.5,0.0
767.5,0.0
768.5,0.0
769.5,0.0
770.5,0.0
771.5,0.0
772.5,0.0
773.5,0.0
774.5,0.0
775.5,10.1417
776.5,45.3708
777.5,84.8082
778.5,52.7289
779.5,97.2498
780.5,414.32099999999997
781.5,406.57599999999996
782.5,522.932
783.5,345.759
784.5,112.387
785.5,0.0
786.5,0.0
787.5,0.0
788.5,0.0
789.5,0.0
790.5,0.0
791.5,0.0
792.5,0.0
793.5,0.0
794.5,0.0
795.5,0.0
796.5,0.0
797.5,0.0
798.5,0.0
799.5,11.3595
800.5,213.637
801.5,422.654
802.5,574.528
803.5,504.81
804.5,428.98900000000003
805.5,323.678
806.5,192.882
807.5,156.142
808.5,13.6915
809.5,0.0
810.5,0.0
811.5,0.0
812.5,0.0
813.5,0.0
814.5,0.0
815.5,0.0
816.5,0.0
817.5,0.0
818.5,0.0
819.5,0.0
820.5,0.0
821.5,0.0
822.5,0.0
823.5,11.7438
824.5,247.171
825.5,205.185
826.5,263.347
827.5,390.274
828.5,402.0
829.5,402.26099999999997
830.5,65.9522
831.5,19.0566
832.5,0.0
833.5,0.0
834.5,0.0
835.5,0.0
836.5,0.0
837.5,0.0
838.5,0.0
839.5,0.0
840.5,0.0
841.5,0.0
842.5,0.0
843.5,0.0
844.5,0.0
845.5,0.0
846.5,0.0
847.5,12.5181
848.5,290.741
849.5,483.467
850.5,611.501
851.5,677.5260000000001
852.5,693.632
853.5,638.971
854.5,517.248
855.5,333.191
856.5,124.39399999999999
857.5,0.0
858.5,0.0
859.5,0.0
860.5,0.0
861.5,0.0
862.5,0.0
863.5,0.0
864.5,0.0
865.5,0.0
866.5,0.0
867.5,0.0
868.5,0.0
869.5,0.0
870.5,0.0
871.5,13.488
872.5,260.291
873.5,447.57099999999997
874.5,585.5419999999999
875.5,644.16
876.5,657.062
877.5,608.682
878.5,498.545
879.5,310.756
880.5,111.41799999999999
881.5,0.0
882.5,0.0
883.5,0.0
884.5,0.0
885.5,0.0
886.5,0.0
887.5,0.0
888.5,0.0
889.5,0.0
890.5,0.0
891.5,0.0
892.5,0.0
893.5,0.0
894.5,0.0
895.5,0.0
896.5,28.5106
897.5,21.2307
898.5,39.3938
899.5,78.9403
900.5,99.1848
901.5,454.709
902.5,335.079
903.5,176.59599999999998
904.5,78.7506
905.5,0.0
906.5,0.0
907.5,0.0
908.5,0.0
909.5,0.0
910.5,0.0
911.5,0.0
912.5,0.0
913.5,0.0
914.5,0.0
915.5,0.0
916.5,0.0
917.5,0.0
918.5,0.0
919.5,0.0
920.5,36.5964
921.5,65.2361
922.5,78.1028
923.5,92.2533
924.5,104.48299999999999
925.5,522.539
926.5,418.316
927.5,279.191
928.5,109.488
929.5,0.0
930.5,0.0
931.5,0.0
932.5,0.0
933.5,0.0
934.5,0.0
935.5,0.0
936.5,0.0
937.5,0.0
938.5,0.0
939.5,0.0
940.5,0.0
941.5,0.0
942.5,0.0
943.5,56.5263
944.5,272.079
945.5,371.041
946.5,470.87800000000004
947.5,36.5998
948.5,338.602
949.5,349.165
950.5,83.4842
951.5,13.4907
952.5,1.4225299999999999
953.5,0.0
954.5,0.0
955.5,0.0
956.5,0.0
957.5,0.0
958.5,0.0
959.5,0.0
960.5,0.0
961.5,0.0
962.5,0.0
963.5,0.0
964.5,0.0
965.5,0.0
966.5,0.0
967.5,0.0
968.5,63.4132
969.5,126.535
970.5,154.41899999999998
971.5,187.03900000000002
972.5,191.65099999999998
973.5,154.59
974.5,98.7708
975.5,93.1691
976.5,1.28364
977.5,0.0
978.5,0.0
979.5,0.0
980.5,0.0
981.5,0.0
982.5,0.0
983.5,0.0
984.5,0.0
985.5,0.0
986.5,0.0
987.5,0.0
988.5,0.0
989.5,0.0
990.5,0.0
991.5,49.3438
992.5,155.645
993.5,317.22700000000003
994.5,469.036
995.5,662.959
996.5,657.533
997.5,315.597
998.5,344.418
999.5,267.272
1000.5,125.911
1001.5,0.0
1002.5,0.0
1003.5,0.0
1004.5,0.0
1005.5,0.0
1006.5,0.0
1007.5,0.0
1008.5,0.0
1009.5,0.0
1010.5,0.0
1011.5,0.0
1012.5,0.0
1013.5,0.0
1014.5,0.0
1015.5,62.5387
1016.5,150.172
1017.5,151.882
1018.5,630.394
1019.5,717.502
1020.5,498.71
1021.5,494.954
1022.5,442.853
1023.5,136.549
1024.5,26.034000000000002
1025.5,0.0
1026.5,0.0
1027.5,0.0
1028.5,0.0
1029.5,0.0
1030.5,0.0
1031.5,0.0
1032.5,0.0
1033.5,0.0
1034.5,0.0
1035.5,0.0
1036.5,0.0
1037.5,0.0
1038.5,0.0
1039.5,72.9553
1040.5,179.489
1041.5,286.629
1042.5,373.519
1043.5,487.95
1044.5,477.915
1045.5,396.161
1046.5,293.805
1047.5,192.91
1048.5,91.41799999999999
1049.5,0.0
1050.5,0.0
1051.5,0.0
1052.5,0.0
1053.5,0.0
1054.5,0.0
1055.5,0.0
1056.5,0.0
1057.5,0.0
1058.5,0.0
1059.5,0.0
1060.5,0.0
1061.5,0.0
1062.5,0.0
1063.5,14.677
1064.5,43.8165
1065.5,68.22399999999999
1066.5,130.865
1067.5,123.37899999999999
1068.5,132.31
1069.5,161.357
1070.5,153.593
1071.5,92.1295
1072.5,33.2783
1073.5,0.0
1074.5,0.0
1075.5,0.0
1076.5,0.0
1077.5,0.0
1078.5,0.0
1079.5,0.0
1080.5,0.0
1081.5,0.0
1082.5,0.0
1083.5,0.0
1084.5,0.0
1085.5,0.0
1086.5,0.0
1087.5,110.615
1088.5,316.597
1089.5,517.622
1090.5,650.986
1091.5,708.669
1092.5,705.3580000000001
1093.5,643.4540000000001
1094.5,519.4540000000001
1095.5,339.94199999999995
1096.5,141.015
1097.5,0.0
1098.5,0.0
1099.5,0.0
1100.5,0.0
1101.5,0.0
1102.5,0.0
1103.5,0.0
1104.5,0.0
1105.5,0.0
1106.5,0.0
1107.5,0.0
1108.5,0.0
1109.5,0.0
1110.5,0.0
1111.5,127.057
1112.5,347.931
1113.5,535.799
1114.5,670.058
1115.5,730.992
1116.5,728.203
1117.5,682.702
1118.5,568.076
1119.5,392.64
1120.5,174.445
1121.5,0.0
1122.5,0.0
1123.5,0.0
1124.5,0.0
1125.5,0.0
1126.5,0.0
1127.5,0.0
1128.5,0.0
1129.5,0.0
1130.5,0.0
1131.5,0.0
1132.5,0.0
1133.5,0.0
1134.5,0.0
1135.5,133.322
1136.5,355.121
1137.5,547.622
1138.5,679.243
1139.5,744.216
1140.5,745.7769999999999
1141.5,677.584
1142.5,548.1709999999999
1143.5,370.699
1144.5,155.547
1145.5,0.0
1146.5,0.0
1147.5,0.0
1148.5,0.0
1149.5,0.0
1150.5,0.0
1151.5,0.0
1152.5,0.0
1153.5,0.0
1154.5,0.0
1155.5,0.0
1156.5,0.0
1157.5,0.0
1158.5,0.0
1159.5,23.2551
1160.5,71.9809
1161.5,110.014
1162.5,116.615
1163.5,129.477
1164.5,116.961
1165.5,123.913
1166.5,113.27
1167.5,65.4311
1168.5,20.3995
1169.5,0.0
1170.5,0.0
1171.5,0.0
1172.5,0.0
1173.5,0.0
1174.5,0.0
1175.5,0.0
1176.5,0.0
1177.5,0.0
1178.5,0.0
1179.5,0.0
1180.5,0.0
1181.5,0.0
1182.5,0.0
1183.5,20.5138
1184.5,144.767
1185.5,176.36
1186.5,153.431
1187.5,215.095
1188.5,335.189
1189.5,567.057
1190.5,225.59900000000002
1191.5,19.0822
1192.5,132.748
1193.5,0.0
1194.5,0.0
1195.5,0.0
1196.5,0.0
1197.5,0.0
1198.5,0.0
1199.5,0.0
1200.5,0.0
1201.5,0.0
1202.5,0.0
1203.5,0.0
1204.5,0.0
1205.5,0.0
1206.5,0.0
1207.5,54.9063
1208.5,142.086
1209.5,231.05
1210.5,302.885
1211.5,346.402
1212.5,342.195
1213.5,281.589
1214.5,277.765
1215.5,209.623
1216.5,73.6565
1217.5,0.0
1218.5,0.0
1219.5,0.0
1220.5,0.0
1221.5,0.0
1222.5,0.0
1223.5,0.0
1224.5,0.0
1225.5,0.0
1226.5,0.0
1227.5,0.0
1228.5,0.0
1229.5,0.0
1230.5,0.0
1231.5,16.0141
1232.5,63.8576
1233.5,137.083
1234.5,155.216
1235.5,155.963
1236.5,154.844
1237.5,169.044
1238.5,130.43200000000002
1239.5,66.2233
1240.5,48.0811
1241.5,0.0
1242.5,0.0
1243.5,0.0
1244.5,0.0
1245.5,0.0
1246.5,0.0
1247.5,0.0
1248.5,0.0
1249.5,0.0
1250.5,0.0
1251.5,0.0
1252.5,0.0
1253.5,0.0
1254.5,0.0
1255.5,112.928
1256.5,231.365
1257.5,263.66900000000004
1258.5,233.785
1259.5,488.08099999999996
1260.5,519.014
1261.5,624.821
1262.5,532.315
1263.5,314.04
1264.5,152.004
1265.5,0.0
1266.5,0.0
1267.5,0.0
1268.5,0.0
1269.5,0.0
1270.5,0.0
1271.5,0.0
1272.5,0.0
1273.5,0.0
1274.5,0.0
1275.5,0.0
1276.5,0.0
1277.5,0.0
1278.5,0.0
1279.5,110.454
1280.5,276.072
1281.5,401.423
1282.5,523.571
1283.5,651.577
1284.5,574.849
1285.5,515.966
1286.5,429.99199999999996
1287.5,210.646
1288.5,98.7718
1289.5,0.0
1290.5,0.0
1291.5,0.0
1292.5,0.0
1293.5,0.0
1294.5,0.0
1295.5,0.0
1296.5,0.0
1297.5,0.0
1298.5,0.0
1299.5,0.0
1300.5,0.0
1301.5,0.0
1302.5,0.0
1303.5,120.05799999999999
1304.5,321.612
1305.5,529.92
1306.5,645.626
1307.5,636.64
1308.5,569.526
1309.5,560.234
1310.5,369.06
1311.5,223.47099999999998
1312.5,111.50399999999999
1313.5,0.0
1314.5,0.0
1315.5,0.0
1316.5,0.0
1317.5,0.0
1318.5,0.0
1319.5,0.0
1320.5,0.0
1321.5,0.0
1322.5,0.0
1323.5,0.0
1324.5,0.0
1325.5,0.0
1326.5,0.0
1327.5,136.069
1328.5,342.615
1329.5,527.8969999999999
1330.5,642.4540000000001
1331.5,696.2710000000001
1332.5,700.9119999999999
1333.5,637.4
1334.5,538.44
1335.5,366.343
1336.5,166.855
1337.5,0.0
1338.5,0.0
1339.5,0.0
1340.5,0.0
1341.5,0.0
1342.5,0.0
1343.5,0.0
1344.5,0.0
1345.5,0.0
1346.5,0.0
1347.5,0.0
1348.5,0.0
1349.5,0.0
1350.5,0.0
1351.5,135.731
1352.5,311.26599999999996
1353.5,421.75
1354.5,565.205
1355.5,575.757
1356.5,629.405
1357.5,600.071
1358.5,523.361
1359.5,370.917
1360.5,165.354
1361.5,0.271957
1362.5,0.0
1363.5,0.0
1364.5,0.0
1365.5,0.0
1366.5,0.0
1367.5,0.0
1368.5,0.0
1369.5,0.0
1370.5,0.0
1371.5,0.0
1372.5,0.0
1373.5,0.0
1374.5,0.0
1375.5,26.9759
1376.5,69.7865
1377.5,94.1383
1378.5,99.8213
1379.5,104.978
1380.5,134.429
1381.5,126.39
1382.5,138.774
1383.5,75.1292
1384.5,27.3578
1385.5,0.0
1386.5,0.0
1387.5,0.0
1388.5,0.0
1389.5,0.0
1390.5,0.0
1391.5,0.0
1392.5,0.0
1393.5,0.0
1394.5,0.0
1395.5,0.0
1396.5,0.0
1397.5,0.0
1398.5,0.0
1399.5,43.6429
1400.5,148.54
1401.5,235.34799999999998
1402.5,344.406
1403.5,307.313
1404.5,230.298
1405.5,225.976
1406.5,172.53599999999997
1407.5,168.123
1408.5,59.2398
1409.5,0.0
1410.5,0.0
1411.5,0.0
1412.5,0.0
1413.5,0.0
1414.5,0.0
1415.5,0.0
2160.5,0.0
2161.5,0.0
2162.5,0.0
2163.5,0.0
2164.5,0.0
2165.5,0.0
2166.5,82.2328
2167.5,275.499
2168.5,464.19599999999997
2169.5,605.464
2170.5,708.192
2171.5,759.873
2172.5,753.498
2173.5,696.033
2174.5,574.85
2175.5,423.57099999999997
2176.5,231.422
2177.5,55.4849
2178.5,0.0
2179.5,0.0
2180.5,0.0
2181.5,0.0
2182.5,0.0
2183.5,0.0
2184.5,0.0
2185.5,0.0
2186.5,0.0
2187.5,0.0
2188.5,0.0
2189.5,0.0
2190.5,16.8666
2191.5,39.6113
2192.5,199.61599999999999
2193.5,449.065
2194.5,366.895
2195.5,302.42900000000003
2196.5,155.653
2197.5,306.03
2198.5,58.2257
2199.5,127.891
2200.5,131.33100000000002
2201.5,47.7808
2202.5,0.0
2203.5,0.0
2204.5,0.0
2205.5,0.0
2206.5,0.0
2207.5,0.0
2208.5,0.0
2209.5,0.0
2210.5,0.0
2211.5,0.0
2212.5,0.0
2213.5,0.0
2214.5,78.2784
2215.5,260.02099999999996
2216.5,430.81
2217.5,545.731
2218.5,657.515
2219.5,682.355
2220.5,675.67
2221.5,570.339
2222.5,514.181
2223.5,420.85699999999997
2224.5,212.551
2225.5,57.2069
2226.5,0.0
2227.5,0.0
2228.5,0.0
2229.5,0.0
2230.5,0.0
2231.5,0.0
2232.5,0.0
2233.5,0.0
2234.5,0.0
2235.5,0.0
2236.5,0.0
2237.5,0.0
2238.5,90.4592
2239.5,281.844
2240.5,457.034
2241.5,580.372
2242.5,658.2819999999999
2243.5,691.0310000000001
2244.5,695.253
2245.5,635.102
2246.5,548.137
2247.5,411.582
2248.5,237.9
2249.5,62.3735
2250.5,0.0
2251.5,0.0
2252.5,0.0
2253.5,0.0
2254.5,0.0
2255.5,0.0
2256.5,0.0
2257.5,0.0
2258.5,0.0
2259.5,0.0
2260.5,0.0
2261.5,0.0
2262.5,47.4611
2263.5,77.7204
2264.5,143.878
2265.5,237.075
2266.5,141.709
2267.5,225.77
2268.5,247.209
2269.5,366.18
2270.5,240.011
2271.5,158.965
2272.5,89.43799999999999
2273.5,48.6203
2274.5,0.0
2275.5,0.0
2276.5,0.0
2277.5,0.0
2278.5,0.0
2279.5,0.0
2280.5,0.0
2281.5,0.0
2282.5,0.0
2283.5,0.0
2284.5,0.0
2285.5,0.0
2286.5,83.7073
2287.5,162.216
2288.5,315.309
2289.5,654.679
2290.5,589.743
2291.5,371.11800000000005
2292.5,625.595
2293.5,210.308
2294.5,49.8359
2295.5,28.4731
2296.5,15.1396
2297.5,2.52405
2298.5,0.0
2299.5,0.0
2300.5,0.0
2301.5,0.0
2302.5,0.0
2303.5,0.0
2304.5,0.0
2305.5,0.0
2306.5,0.0
2307.5,0.0
2308.5,0.0
2309.5,0.0
2310.5,79.2547
2311.5,198.88099999999997
2312.5,309.067
2313.5,428.339
2314.5,477.835
2315.5,489.49699999999996
2316.5,537.989
2317.5,533.068
2318.5,457.773
2319.5,344.648
2320.5,201.18400000000003
2321.5,54.8022
2322.5,0.0
2323.5,0.0
2324.5,0.0
2325.5,0.0
2326.5,0.0
2327.5,0.0
2328.5,0.0
2329.5,0.0
2330.5,0.0
2331.5,0.0
2332.5,0.0
2333.5,0.0
2334.5,35.2745
2335.5,86.4523
2336.5,131.591
2337.5,172.203
2338.5,203.72
2339.5,230.065
2340.5,222.092
2341.5,199.18900000000002
2342.5,160.253
2343.5,121.206
2344.5,77.0965
2345.5,27.2847
2346.5,0.0
2347.5,0.0
2348.5,0.0
2349.5,0.0
2350.5,0.0
2351.5,0.0
2352.5,0.0
2353.5,0.0
2354.5,0.0
2355.5,0.0
2356.5,0.0
2357.5,0.0
2358.5,79.6042
2359.5,202.11
2360.5,298.478
2361.5,366.70599999999996
2362.5,433.082
2363.5,461.63
2364.5,471.88599999999997
2365.5,419.718
2366.5,344.62300000000005
2367.5,247.575
2368.5,145.588
2369.5,52.3755
2370.5,0.0
2371.5,0.0
2372.5,0.0
2373.5,0.0
2374.5,0.0
2375.5,0.0
2376.5,0.0
2377.5,0.0
2378.5,0.0
2379.5,0.0
2380.5,0.0
2381.5,3.3149900000000003
2382.5,91.2927
2383.5,279.70599999999996
2384.5,485.727
2385.5,652.362
2386.5,802.3
2387.5,476.814
2388.5,68.3334
2389.5,51.081
2390.5,42.3361
2391.5,31.0192
2392.5,17.1313
2393.5,3.15212
2394.5,0.0
2395.5,0.0
2396.5,0.0
2397.5,0.0
2398.5,0.0
2399.5,0.0
2400.5,0.0
2401.5,0.0
2402.5,0.0
2403.5,0.0
2404.5,0.0
2405.5,0.0
2406.5,37.8514
2407.5,95.1549
2408.5,147.232
2409.5,185.65
2410.5,225.56400000000002
2411.5,260.26
2412.5,260.658
2413.5,238.50599999999997
2414.5,194.854
2415.5,145.659
2416.5,86.31
2417.5,30.4395
2418.5,0.0
2419.5,0.0
2420.5,0.0
2421.5,0.0
2422.5,0.0
2423.5,0.0
2424.5,0.0
2425.5,0.0
2426.5,0.0
2427.5,0.0
2428.5,0.0
2429.5,0.0
2430.5,67.225
2431.5,144.687
2432.5,283.95
2433.5,272.515
2434.5,295.913
2435.5,341.58099999999996
2436.5,113.37799999999999
2437.5,63.0773
2438.5,90.96799999999999
2439.5,146.629
2440.5,156.33
2441.5,86.6235
2442.5,0.0
2443.5,0.0
2444.5,0.0
2445.5,0.0
2446.5,0.0
2447.5,0.0
2448.5,0.0
2449.5,0.0
2450.5,0.0
2451.5,0.0
2452.5,0.0
2453.5,0.0
2454.5,8.68335
2455.5,49.8043
2456.5,105.11399999999999
2457.5,103.914
2458.5,153.797
2459.5,142.515
2460.5,206.65599999999998
2461.5,303.13599999999997
2462.5,318.332
2463.5,285.543
2464.5,190.64
2465.5,67.7035
2466.5,0.0
2467.5,0.0
2468.5,0.0
2469.5,0.0
2470.5,0.0
2471.5,0.0
2472.5,0.0
2473.5,0.0
2474.5,0.0
2475.5,0.0
2476.5,0.0
2477.5,0.0
2478.5,46.1896
2479.5,134.555
2480.5,224.666
2481.5,209.94299999999998
2482.5,241.13299999999998
2483.5,313.028
2484.5,269.422
2485.5,183.71
2486.5,268.464
2487.5,140.173
2488.5,15.9328
2489.5,18.5145
2490.5,0.0
2491.5,0.0
2492.5,0.0
2493.5,0.0
2494.5,0.0
2495.5,0.0
2496.5,0.0
2497.5,0.0
2498.5,0.0
2499.5,0.0
2500.5,0.0
2501.5,3.7127
2502.5,120.83200000000001
2503.5,313.716
2504.5,487.72900000000004
2505.5,631.9590000000001
2506.5,743.7289999999999
2507.5,797.579
2508.5,774.699
2509.5,688.105
2510.5,582.137
2511.5,430.908
2512.5,244.21
2513.5,70.8489
2514.5,0.0
2515.5,0.0
2516.5,0.0
2517.5,0.0
2518.5,0.0
2519.5,0.0
2520.5,0.0
2521.5,0.0
2522.5,0.0
2523.5,0.0
2524.5,0.0
2525.5,0.0
2526.5,30.5706
2527.5,60.7463
2528.5,118.751
2529.5,168.315
2530.5,182.26
2531.5,187.727
2532.5,177.78400000000002
2533.5,208.571
2534.5,137.493
2535.5,100.929
2536.5,57.6129
2537.5,14.8413
2538.5,0.0
2539.5,0.0
2540.5,0.0
2541.5,0.0
2542.5,0.0
2543.5,0.0
2544.5,0.0
2545.5,0.0
2546.5,0.0
2547.5,0.0
2548.5,0.0
2549.5,5.50667
2550.5,123.991
2551.5,309.671
2552.5,480.87
2553.5,591.2130000000001
2554.5,672.302
2555.5,710.78
2556.5,706.225
2557.5,658.5110000000001
2558.5,565.247
2559.5,425.462
2560.5,246.729
2561.5,71.4611
2562.5,0.0
2563.5,0.0
2564.5,0.0
2565.5,0.0
2566.5,0.0
2567.5,0.0
2568.5,0.0
2569.5,0.0
2570.5,0.0
2571.5,0.0
2572.5,0.0
2573.5,6.62487
2574.5,133.15
2575.5,334.61
2576.5,522.602
2577.5,657.68
2578.5,743.737
2579.5,786.873
2580.5,779.3810000000001
2581.5,721.948
2582.5,609.243
2583.5,457.12
2584.5,261.736
2585.5,75.2029
2586.5,0.0
2587.5,0.0
2588.5,0.0
2589.5,0.0
2590.5,0.0
2591.5,0.0
2592.5,0.0
2593.5,0.0
2594.5,0.0
2595.5,0.0
2596.5,0.0
2597.5,4.791580000000001
2598.5,107.29700000000001
2599.5,232.50599999999997
2600.5,351.715
2601.5,384.593
2602.5,472.974
2603.5,477.108
2604.5,485.22900000000004
2605.5,416.35400000000004
2606.5,285.964
2607.5,254.735
2608.5,152.013
2609.5,55.1598
2610.5,0.0
2611.5,0.0
2612.5,0.0
2613.5,0.0
2614.5,0.0
2615.5,0.0
2616.5,0.0
2617.5,0.0
2618.5,0.0
2619.5,0.0
2620.5,0.0
2621.5,0.0
2622.5,46.4173
2623.5,26.0317
2624.5,242.226
2625.5,235.25
2626.5,264.316
2627.5,407.469
2628.5,515.597
2629.5,457.798
2630.5,656.622
2631.5,447.353
2632.5,187.774
2633.5,51.0675
2634.5,0.0
2635.5,0.0
2636.5,0.0
2637.5,0.0
2638.5,0.0
2639.5,0.0
2640.5,0.0
2641.5,0.0
2642.5,0.0
2643.5,0.0
2644.5,0.0
2645.5,10.1833
2646.5,127.809
2647.5,305.991
2648.5,484.024
2649.5,622.872
2650.5,720.15
2651.5,765.788
2652.5,748.257
2653.5,677.36
2654.5,570.155
2655.5,433.105
2656.5,260.305
2657.5,78.7338
2658.5,0.0
2659.5,0.0
2660.5,0.0
2661.5,0.0
2662.5,0.0
2663.5,0.0
2664.5,0.0
2665.5,0.0
2666.5,0.0
2667.5,0.0
2668.5,0.0
2669.5,11.9664
2670.5,141.1
2671.5,344.58099999999996
2672.5,526.904
2673.5,668.941
2674.5,760.419
2675.5,809.127
2676.5,788.98
2677.5,729.2819999999999
2678.5,622.839
2679.5,470.499
2680.5,271.974
2681.5,84.6681
2682.5,0.037692800000000005
2683.5,0.0
2684.5,0.0
2685.5,0.0
2686.5,0.0
2687.5,0.0
2688.5,0.0
2689.5,0.0
2690.5,0.0
2691.5,0.0
2692.5,0.0
2693.5,13.498
2694.5,134.384
2695.5,246.668
2696.5,375.25
2697.5,511.77099999999996
2698.5,515.601
2699.5,689.6419999999999
2700.5,680.93
2701.5,699.35
2702.5,604.712
2703.5,409.52
2704.5,250.715
2705.5,90.2202
2706.5,1.6962700000000002
2707.5,0.0
2708.5,0.0
2709.5,0.0
2710.5,0.0
2711.5,0.0
2712.5,0.0
2713.5,0.0
2714.5,0.0
2715.5,0.0
2716.5,0.0
2717.5,13.5714
2718.5,152.89700000000002
2719.5,344.54
2720.5,544.58
2721.5,669.1619999999999
2722.5,758.346
2723.5,394.441
2724.5,369.046
2725.5,345.025
2726.5,300.748
2727.5,218.237
2728.5,123.24600000000001
2729.5,44.878
2730.5,0.0
2731.5,0.0
2732.5,0.0
2733.5,0.0
2734.5,0.0
2735.5,0.0
2736.5,0.0
2737.5,0.0
2738.5,0.0
2739.5,0.0
2740.5,0.0
2741.5,17.6758
2742.5,186.062
2743.5,413.69300000000004
2744.5,601.172
2745.5,678.2760000000001
2746.5,772.8910000000001
2747.5,322.491
2748.5,354.699
2749.5,269.309
2750.5,201.011
2751.5,170.699
2752.5,89.7004
2753.5,39.2471
2754.5,0.0
2755.5,0.0
2756.5,0.0
2757.5,0.0
2758.5,0.0
2759.5,0.0
2760.5,0.0
2761.5,0.0
2762.5,0.0
2763.5,0.0
2764.5,0.0
2765.5,7.17461
2766.5,112.713
2767.5,184.74099999999999
2768.5,189.981
2769.5,387.19800000000004
2770.5,410.501
2771.5,412.466
2772.5,527.711
2773.5,391.754
2774.5,402.75199999999995
2775.5,357.392
2776.5,257.152
2777.5,97.8684
2778.5,2.56897
2779.5,0.0
2780.5,0.0
2781.5,0.0
2782.5,0.0
2783.5,0.0
2784.5,0.0
2785.5,0.0
2786.5,0.0
2787.5,0.0
2788.5,0.0
2789.5,11.3703
2790.5,50.9355
2791.5,116.74
2792.5,170.84799999999998
2793.5,238.037
2794.5,267.64599999999996
2795.5,315.847
2796.5,340.124
2797.5,319.541
2798.5,252.90400000000002
2799.5,180.05599999999998
2800.5,117.325
2801.5,41.1358
2802.5,0.0
2803.5,0.0
2804.5,0.0
2805.5,0.0
2806.5,0.0
2807.5,0.0
2808.5,0.0
2809.5,0.0
2810.5,0.0
2811.5,0.0
2812.5,0.0
2813.5,11.6007
2814.5,56.5807
2815.5,112.535
2816.5,170.542
2817.5,206.666
2818.5,248.317
2819.5,251.0
2820.5,246.155
2821.5,232.97099999999998
2822.5,193.36900000000003
2823.5,142.864
2824.5,93.09299999999999
2825.5,36.1301
2826.5,0.0
2827.5,0.0
2828.5,0.0
2829.5,0.0
2830.5,0.0
2831.5,0.0
2832.5,0.0
2833.5,0.0
2834.5,0.0
2835.5,0.0
2836.5,0.0
2837.5,23.659000000000002
2838.5,147.975
2839.5,314.26599999999996
2840.5,471.841
2841.5,602.378
2842.5,668.403
2843.5,696.987
2844.5,691.448
2845.5,631.988
2846.5,545.372
2847.5,424.16900000000004
2848.5,243.835
2849.5,85.9084
2850.5,2.79337
2851.5,0.0
2852.5,0.0
2853.5,0.0
2854.5,0.0
2855.5,0.0
2856.5,0.0
2857.5,0.0
2858.5,0.0
2859.5,0.0
2860.5,0.0
2861.5,24.2891
2862.5,164.65200000000002
2863.5,373.296
2864.5,562.638
2865.5,713.072
2866.5,797.174
2867.5,833.3330000000001
2868.5,829.9830000000001
2869.5,760.85
2870.5,646.356
2871.5,481.78
2872.5,281.875
2873.5,91.286
2874.5,2.8526
2875.5,0.0
2876.5,0.0
2877.5,0.0
2878.5,0.0
2879.5,0.0
3624.5,0.0
3625.5,0.0
3626.5,0.0
3627.5,0.0
3628.5,0.0
3629.5,46.6953
3630.5,188.122
3631.5,374.717
3632.5,539.182
3633.5,667.83
3634.5,749.171
3635.5,777.525
3636.5,769.797
3637.5,720.048
3638.5,619.401
3639.5,477.204
3640.5,301.387
3641.5,126.35600000000001
3642.5,25.5257
3643.5,0.0
3644.5,0.0
3645.5,0.0
3646.5,0.0
3647.5,0.0
3648.5,0.0
3649.5,0.0
3650.5,0.0
3651.5,0.0
3652.5,0.0
3653.5,13.1625
3654.5,33.0174
3655.5,53.5586
3656.5,77.2967
3657.5,96.4819
3658.5,106.57799999999999
3659.5,105.86
3660.5,109.772
3661.5,103.895
3662.5,84.9369
3663.5,76.0836
3664.5,53.1759
3665.5,29.44
3666.5,5.61678
3667.5,0.0
3668.5,0.0
3669.5,0.0
3670.5,0.0
3671.5,0.0
3672.5,0.0
3673.5,0.0
3674.5,0.0
3675.5,0.0
3676.5,0.0
3677.5,33.1381
3678.5,82.0888
3679.5,132.863
3680.5,174.352
3681.5,210.97799999999998
3682.5,232.266
3683.5,244.465
3684.5,246.63299999999998
3685.5,236.375
3686.5,197.737
3687.5,170.30900000000003
3688.5,118.17399999999999
3689.5,64.6731
3690.5,18.8105
3691.5,0.0
3692.5,0.0
3693.5,0.0
3694.5,0.0
3695.5,0.0
3696.5,0.0
3697.5,0.0
3698.5,0.0
3699.5,0.0
3700.5,0.06896849999999999
3701.5,50.1134
3702.5,183.743
3703.5,345.522
3704.5,485.75199999999995
3705.5,586.576
3706.5,657.0930000000001
3707.5,690.086
3708.5,687.205
3709.5,640.4
3710.5,556.855
3711.5,433.853
3712.5,282.949
3713.5,127.04299999999999
3714.5,23.471
3715.5,0.0
3716.5,0.0
3717.5,0.0
3718.5,0.0
3719.5,0.0
3720.5,0.0
3721.5,0.0
3722.5,0.0
3723.5,0.0
3724.5,0.0
3725.5,52.9818
3726.5,115.712
3727.5,229.405
3728.5,290.955
3729.5,289.901
3730.5,319.709
3731.5,180.36599999999999
3732.5,355.282
3733.5,294.078
3734.5,322.844
3735.5,224.4
3736.5,97.5603
3737.5,37.5416
3738.5,0.663345
3739.5,0.0
3740.5,0.0
3741.5,0.0
3742.5,0.0
3743.5,0.0
3744.5,0.0
3745.5,0.0
3746.5,0.0
3747.5,0.0
3748.5,0.034105500000000004
3749.5,48.51
3750.5,183.998
3751.5,352.176
3752.5,503.402
3753.5,613.988
3754.5,683.3839999999999
3755.5,711.552
3756.5,701.643
3757.5,649.7090000000001
3758.5,568.247
3759.5,439.634
3760.5,281.52
3761.5,120.844
3762.5,26.180999999999997
3763.5,0.0
3764.5,0.0
3765.5,0.0
3766.5,0.0
3767.5,0.0
3768.5,0.0
3769.5,0.0
3770.5,0.0
3771.5,0.0
3772.5,0.0814314
3773.5,53.0931
3774.5,172.65400000000002
3775.5,342.06
3776.5,492.463
3777.5,622.845
3778.5,697.582
3779.5,716.887
3780.5,724.888
3781.5,642.1659999999999
3782.5,547.729
3783.5,438.968
3784.5,277.841
3785.5,126.965
3786.5,26.9519
3787.5,0.0
3788.5,0.0
3789.5,0.0
3790.5,0.0
3791.5,0.0
3792.5,0.0
3793.5,0.0
3794.5,0.0
3795.5,0.0
3796.5,0.104574
3797.5,42.3409
3798.5,190.877
3799.5,370.713
3800.5,528.661
3801.5,647.409
3802.5,723.0239999999999
3803.5,749.8760000000001
3804.5,751.576
3805.5,699.6410000000001
3806.5,602.508
3807.5,477.906
3808.5,310.06
3809.5,128.554
3810.5,22.5858
3811.5,0.0
3812.5,0.0
3813.5,0.0
3814.5,0.0
3815.5,0.0
3816.5,0.0
3817.5,0.0
3818.5,0.0
3819.5,0.0
3820.5,0.0
3821.5,52.5863
3822.5,123.046
3823.5,425.95300000000003
3824.5,212.62599999999998
3825.5,294.543
3826.5,765.877
3827.5,818.125
3828.5,446.01300000000003
3829.5,536.578
3830.5,289.54
3831.5,38.4168
3832.5,62.5299
3833.5,13.1683
3834.5,1.5702200000000002
3835.5,0.0
3836.5,0.0
3837.5,0.0
3838.5,0.0
3839.5,0.0
3840.5,0.0
3841.5,0.0
3842.5,0.0
3843.5,0.0
3844.5,0.8483649999999999
3845.5,38.6266
3846.5,200.96
3847.5,394.116
3848.5,559.929
3849.5,706.444
3850.5,782.414
3851.5,408.827
3852.5,397.38
3853.5,383.968
3854.5,336.079
3855.5,262.078
3856.5,175.21599999999998
3857.5,92.0425
3858.5,28.2534
3859.5,0.0
3860.5,0.0
3861.5,0.0
3862.5,0.0
3863.5,0.0
3864.5,0.0
3865.5,0.0
3866.5,0.0
3867.5,0.0
3868.5,0.8634569999999999
3869.5,48.1379
3870.5,186.93599999999998
3871.5,370.414
3872.5,535.096
3873.5,656.637
3874.5,722.507
3875.5,749.821
3876.5,748.993
3877.5,691.1289999999999
3878.5,593.4169999999999
3879.5,456.60900000000004
3880.5,291.98900000000003
3881.5,125.054
3882.5,27.4753
3883.5,0.0
3884.5,0.0
3885.5,0.0
3886.5,0.0
3887.5,0.0
3888.5,0.0
3889.5,0.0
3890.5,0.0
3891.5,0.0
3892.5,0.0
3893.5,49.8661
3894.5,175.238
3895.5,326.006
3896.5,454.96
3897.5,558.385
3898.5,621.4630000000001
3899.5,637.607
3900.5,634.55
3901.5,591.615
3902.5,509.852
3903.5,406.24300000000005
3904.5,269.64
3905.5,122.652
3906.5,30.9025
3907.5,0.0
3908.5,0.0
3909.5,0.0
3910.5,0.0
3911.5,0.0
3912.5,0.0
3913.5,0.0
3914.5,0.0
3915.5,0.0
3916.5,0.809812
3917.5,40.8762
3918.5,180.457
3919.5,344.83
3920.5,483.18300000000005
3921.5,593.635
3922.5,672.677
3923.5,697.913
3924.5,688.245
3925.5,637.306
3926.5,574.387
3927.5,443.23199999999997
3928.5,286.41900000000004
3929.5,124.22399999999999
3930.5,27.7586
3931.5,0.0
3932.5,0.0
3933.5,0.0
3934.5,0.0
3935.5,0.0
3936.5,0.0
3937.5,0.0
3938.5,0.0
3939.5,0.0
3940.5,0.8311930000000001
3941.5,46.93600000000001
3942.5,183.445
3943.5,345.654
3944.5,487.966
3945.5,597.941
3946.5,661.034
3947.5,702.9680000000001
3948.5,714.273
3949.5,682.7130000000001
3950.5,593.201
3951.5,471.915
3952.5,310.312
3953.5,130.642
3954.5,20.7102
3955.5,0.0
3956.5,0.0
3957.5,0.0
3958.5,0.0
3959.5,0.0
3960.5,0.0
3961.5,0.0
3962.5,0.0
3963.5,0.0
3964.5,0.801106
3965.5,49.5559
3966.5,174.30900000000003
3967.5,337.065
3968.5,469.978
3969.5,589.314
3970.5,648.505
3971.5,663.3889999999999
3972.5,667.135
3973.5,645.319
3974.5,557.57
3975.5,433.458
3976.5,287.06
3977.5,127.154
3978.5,26.6726
3979.5,0.0
3980.5,0.0
3981.5,0.0
3982.5,0.0
3983.5,0.0
3984.5,0.0
3985.5,0.0
3986.5,0.0
3987.5,0.0
3988.5,0.815046
3989.5,47.0946
3990.5,181.831
3991.5,350.585
3992.5,500.54900000000004
3993.5,607.311
3994.5,686.573
3995.5,738.655
3996.5,730.732
3997.5,681.346
3998.5,579.13
3999.5,464.871
4000.5,304.17400000000004
4001.5,131.265
4002.5,25.1494
4003.5,0.0
4004.5,0.0
4005.5,0.0
4006.5,0.0
4007.5,0.0
4008.5,0.0
4009.5,0.0
4010.5,0.0
4011.5,0.0
4012.5,0.809212
4013.5,46.1731
4014.5,175.127
4015.5,337.38300000000004
4016.5,475.458
4017.5,568.783
4018.5,640.6619999999999
4019.5,680.0039999999999
4020.5,666.6339999999999
4021.5,612.04
4022.5,549.539
4023.5,431.289
4024.5,285.763
4025.5,133.858
4026.5,29.8827
4027.5,0.0
4028.5,0.0
4029.5,0.0
4030.5,0.0
4031.5,0.0
4032.5,0.0
4033.5,0.0
4034.5,0.0
4035.5,0.0
4036.5,0.0
4037.5,52.1107
4038.5,163.269
4039.5,299.168
4040.5,344.029
4041.5,312.64599999999996
4042.5,309.791
4043.5,408.54900000000004
4044.5,393.325
4045.5,329.423
4046.5,381.045
4047.5,255.37
4048.5,243.955
4049.5,144.971
4050.5,30.4636
4051.5,0.0
4052.5,0.0
4053.5,0.0
4054.5,0.0
4055.5,0.0
4056.5,0.0
4057.5,0.0
4058.5,0.0
4059.5,0.0
4060.5,0.0
4061.5,51.3843
4062.5,128.304
4063.5,232.726
4064.5,321.113
4065.5,390.57099999999997
4066.5,412.897
4067.5,441.061
4068.5,419.39099999999996
4069.5,355.283
4070.5,335.775
4071.5,257.51599999999996
4072.5,182.342
4073.5,95.3781
4074.5,29.2666
4075.5,0.0
4076.5,0.0
4077.5,0.0
4078.5,0.0
4079.5,0.0
4080.5,0.0
4081.5,0.0
4082.5,0.0
4083.5,0.0
4084.5,0.543484
4085.5,47.2106
4086.5,164.111
4087.5,390.397
4088.5,539.814
4089.5,596.506
4090.5,564.374
4091.5,325.789
4092.5,125.044
4093.5,124.89299999999999
4094.5,226.77200000000002
4095.5,252.645
4096.5,138.04
4097.5,115.448
4098.5,41.1967
4099.5,0.0
4100.5,0.0
4101.5,0.0
4102.5,0.0
4103.5,0.0
4104.5,0.0
4105.5,0.0
4106.5,0.0
4107.5,0.0
4108.5,0.0
4109.5,54.7357
4110.5,138.33700000000002
4111.5,234.847
4112.5,313.6
4113.5,363.444
4114.5,427.44300000000004
4115.5,416.985
4116.5,420.44599999999997
4117.5,422.713
4118.5,318.703
4119.5,261.876
4120.5,170.368
4121.5,94.9232
4122.5,30.414
4123.5,0.0
4124.5,0.0
4125.5,0.0
4126.5,0.0
4127.5,0.0
4128.5,0.0
4129.5,0.0
4130.5,0.0
4131.5,0.0
4132.5,0.0
4133.5,46.8169
4134.5,161.696
4135.5,312.02299999999997
4136.5,452.173
4137.5,554.455
4138.5,611.442
4139.5,626.952
4140.5,639.514
4141.5,596.57
4142.5,495.457
4143.5,377.311
4144.5,243.13400000000001
4145.5,122.52799999999999
4146.5,36.0625
4147.5,0.0
4148.5,0.0
4149.5,0.0
4150.5,0.0
4151.5,0.0
4152.5,0.0
4153.5,0.0
4154.5,0.0
4155.5,0.0
4156.5,0.0
4157.5,51.8851
4158.5,125.428
4159.5,199.885
4160.5,243.69400000000002
4161.5,307.618
4162.5,311.467
4163.5,356.543
4164.5,405.22
4165.5,342.31699999999995
4166.5,303.632
4167.5,235.50599999999997
4168.5,159.983
4169.5,88.7141
4170.5,21.0567
4171.5,0.0
4172.5,0.0
4173.5,0.0
4174.5,0.0
4175.5,0.0
4176.5,0.0
4177.5,0.0
4178.5,0.0
4179.5,0.0
4180.5,0.0
4181.5,42.7231
4182.5,174.933
4183.5,339.43199999999996
4184.5,485.166
4185.5,601.488
4186.5,672.9760000000001
4187.5,688.9
4188.5,703.678
4189.5,642.7180000000001
4190.5,566.388
4191.5,429.966
4192.5,278.046
4193.5,126.339
4194.5,30.405
4195.5,0.0
4196.5,0.0
4197.5,0.0
4198.5,0.0
4199.5,0.0
4200.5,0.0
4201.5,0.0
4202.5,0.0
4203.5,0.0
4204.5,0.0
4205.5,37.2364
4206.5,170.81099999999998
4207.5,341.61300000000006
4208.5,494.973
4209.5,603.622
4210.5,673.482
4211.5,706.166
4212.5,697.997
4213.5,645.847
4214.5,572.159
4215.5,459.48199999999997
4216.5,306.068
4217.5,131.707
4218.5,20.7207
4219.5,0.0
4220.5,0.0
4221.5,0.0
4222.5,0.0
4223.5,0.0
4224.5,0.0
4225.5,0.0
4226.5,0.0
4227.5,0.0
4228.5,0.0
4229.5,45.977
4230.5,156.602
4231.5,296.172
4232.5,415.85400000000004
4233.5,500.03
4234.5,520.984
4235.5,519.4680000000001
4236.5,555.561
4237.5,535.914
4238.5,463.786
4239.5,349.714
4240.5,227.304
4241.5,116.184
4242.5,36.9264
4243.5,0.0
4244.5,0.0
4245.5,0.0
4246.5,0.0
4247.5,0.0
4248.5,0.0
4249.5,0.0
4250.5,0.0
4251.5,0.0
4252.5,1.60901
4253.5,47.8638
4254.5,149.684
4255.5,242.767
4256.5,355.542
4257.5,485.538
4258.5,594.605
4259.5,597.24
4260.5,619.706
4261.5,560.01
4262.5,519.2090000000001
4263.5,347.32199999999995
4264.5,240.584
4265.5,127.06200000000001
4266.5,40.4384
4267.5,0.0
4268.5,0.0
4269.5,0.0
4270.5,0.0
4271.5,0.0
4272.5,0.0
4273.5,0.0
4274.5,0.0
4275.5,0.0
4276.5,0.0
4277.5,42.6876
4278.5,164.437
4279.5,279.468
4280.5,308.88
4281.5,283.33099999999996
4282.5,267.64799999999997
4283.5,375.16900000000004
4284.5,485.611
4285.5,639.752
4286.5,371.394
4287.5,224.92700000000002
4288.5,206.422
4289.5,129.986
4290.5,39.1501
4291.5,0.0
4292.5,0.0
4293.5,0.0
4294.5,0.0
4295.5,0.0
4296.5,0.0
4297.5,0.0
4298.5,0.0
4299.5,0.0
4300.5,0.0
4301.5,42.4417
4302.5,160.357
4303.5,320.05400000000003
4304.5,442.63599999999997
4305.5,584.184
4306.5,573.563
4307.5,555.664
4308.5,631.304
4309.5,567.41
4310.5,550.635
4311.5,413.455
4312.5,279.806
4313.5,137.19299999999998
4314.5,33.0236
4315.5,0.0
4316.5,0.0
4317.5,0.0
4318.5,0.0
4319.5,0.0
4320.5,0.0
4321.5,0.0
4322.5,0.0
4323.5,0.0
4324.5,0.0
4325.5,43.5887
4326.5,186.178
4327.5,359.879
4328.5,516.711
4329.5,624.73
4330.5,702.455
4331.5,281.70599999999996
4332.5,267.018
4333.5,287.07099999999997
4334.5,276.002
4335.5,167.041
4336.5,107.77799999999999
4337.5,65.8163
4338.5,17.4588
4339.5,0.0
4340.5,0.0
4341.5,0.0
4342.5,0.0
4343.5,0.0
5088.5,0.0
5089.5,0.0
5090.5,0.0
5091.5,0.0
5092.5,0.0
5093.5,19.416
5094.5,136.247
5095.5,313.566
5096.5,468.88
5097.5,601.927
5098.5,691.933
5099.5,740.811
5100.5,716.697
5101.5,670.3580000000001
5102.5,587.775
5103.5,454.769
5104.5,289.212
5105.5,118.818
5106.5,16.8672
5107.5,0.0
5108.5,0.0
5109.5,0.0
5110.5,0.0
5111.5,0.0
5112.5,0.0
5113.5,0.0
5114.5,0.0
5115.5,0.0
5116.5,0.0
5117.5,20.4024
5118.5,134.775
5119.5,314.166
5120.5,468.145
5121.5,572.727
5122.5,681.9169999999999
5123.5,692.049
5124.5,683.437
5125.5,641.807
5126.5,530.578
5127.5,387.48199999999997
5128.5,255.87
5129.5,108.611
5130.5,16.6351
5131.5,0.0
5132.5,0.0
5133.5,0.0
5134.5,0.0
5135.5,0.0
5136.5,0.0
5137.5,0.0
5138.5,0.0
5139.5,0.0
5140.5,0.0
5141.5,0.0
5142.5,29.7714
5143.5,23.1572
5144.5,130.94299999999998
5145.5,169.38299999999998
5146.5,285.66200000000003
5147.5,331.421
5148.5,530.669
5149.5,361.501
5150.5,249.882
5151.5,166.331
5152.5,100.211
5153.5,17.8056
5154.5,16.1437
5155.5,0.0
5156.5,0.0
5157.5,0.0
5158.5,0.0
5159.5,0.0
5160.5,0.0
5161.5,0.0
5162.5,0.0
5163.5,0.0
5164.5,0.0
5165.5,25.2211
5166.5,123.96700000000001
5167.5,179.89700000000002
5168.5,321.774
5169.5,338.281
5170.5,337.978
5171.5,275.16700000000003
5172.5,443.616
5173.5,372.806
5174.5,321.057
5175.5,220.56
5176.5,209.22099999999998
5177.5,121.42
5178.5,26.0436
5179.5,0.0
5180.5,0.0
5181.5,0.0
5182.5,0.0
5183.5,0.0
5184.5,0.0
5185.5,0.0
5186.5,0.0
5187.5,0.0
5188.5,0.0
5189.5,20.3456
5190.5,130.959
5191.5,302.60900000000004
5192.5,460.76
5193.5,585.448
5194.5,672.643
5195.5,700.795
5196.5,717.2489999999999
5197.5,668.284
5198.5,574.851
5199.5,437.084
5200.5,277.644
5201.5,112.935
5202.5,18.9809
5203.5,0.0
5204.5,0.0
5205.5,0.0
5206.5,0.0
5207.5,0.0
5208.5,0.0
5209.5,0.0
5210.5,0.0
5211.5,0.0
5212.5,0.0
5213.5,25.1897
5214.5,105.73
5215.5,250.158
5216.5,287.95099999999996
5217.5,384.091
5218.5,506.533
5219.5,583.9540000000001
5220.5,594.3
5221.5,435.43699999999995
5222.5,407.472
5223.5,264.76599999999996
5224.5,162.702
5225.5,64.8928
5226.5,0.0
5227.5,0.0
5228.5,0.0
5229.5,0.0
5230.5,0.0
5231.5,0.0
5232.5,0.0
5233.5,0.0
5234.5,0.0
5235.5,0.0
5236.5,0.0
5237.5,19.192999999999998
5238.5,76.314
5239.5,197.937
5240.5,382.728
5241.5,496.31800000000004
5242.5,715.696
5243.5,632.987
5244.5,590.952
5245.5,447.04900000000004
5246.5,379.709
5247.5,242.34400000000002
5248.5,133.204
5249.5,89.22399999999999
5250.5,11.3214
5251.5,0.0
5252.5,0.0
5253.5,0.0
5254.5,0.0
5255.5,0.0
5256.5,0.0
5257.5,0.0
5258.5,0.0
5259.5,0.0
5260.5,0.0
5261.5,17.7498
5262.5,132.27200000000002
5263.5,307.592
5264.5,484.022
5265.5,620.72
5266.5,713.4810000000001
5267.5,742.033
5268.5,743.2610000000001
5269.5,700.305
5270.5,600.313
5271.5,461.214
5272.5,285.716
5273.5,119.00299999999999
5274.5,11.0232
5275.5,0.0
5276.5,0.0
5277.5,0.0
5278.5,0.0
5279.5,0.0
5280.5,0.0
5281.5,0.0
5282.5,0.0
5283.5,0.0
5284.5,0.0
5285.5,17.4132
5286.5,127.838
5287.5,308.58799999999997
5288.5,476.025
5289.5,612.274
5290.5,697.7189999999999
5291.5,757.42
5292.5,757.784
5293.5,705.175
5294.5,595.899
5295.5,445.295
5296.5,269.66700000000003
5297.5,103.821
5298.5,10.3676
5299.5,0.0
5300.5,0.0
5301.5,0.0
5302.5,0.0
5303.5,0.0
5304.5,0.0
5305.5,0.0
5306.5,0.0
5307.5,0.0
5308.5,0.0
5309.5,15.5847
5310.5,142.643
5311.5,345.63599999999997
5312.5,526.043
5313.5,630.2040000000001
5314.5,656.323
5315.5,289.117
5316.5,256.505
5317.5,231.207
5318.5,216.072
5319.5,173.101
5320.5,130.325
5321.5,60.5283
5322.5,0.0
5323.5,0.0
5324.5,0.0
5325.5,0.0
5326.5,0.0
5327.5,0.0
5328.5,0.0
5329.5,0.0
5330.5,0.0
5331.5,0.0
5332.5,0.0
5333.5,15.7829
5334.5,113.434
5335.5,255.674
5336.5,371.033
5337.5,496.662
5338.5,564.373
5339.5,671.4069999999999
5340.5,638.3290000000001
5341.5,661.105
5342.5,546.431
5343.5,372.63199999999995
5344.5,214.488
5345.5,88.7591
5346.5,8.41739
5347.5,0.0
5348.5,0.0
5349.5,0.0
5350.5,0.0
5351.5,0.0
5352.5,0.0
5353.5,0.0
5354.5,0.0
5355.5,0.0
5356.5,0.0
5357.5,7.177410000000001
5358.5,123.696
5359.5,280.441
5360.5,416.95300000000003
5361.5,622.2040000000001
5362.5,662.018
5363.5,350.00300000000004
5364.5,316.41200000000003
5365.5,337.416
5366.5,320.905
5367.5,253.301
5368.5,182.054
5369.5,89.134
5370.5,4.49051
5371.5,0.0
5372.5,0.0
5373.5,0.0
5374.5,0.0
5375.5,0.0
5376.5,0.0
5377.5,0.0
5378.5,0.0
5379.5,0.0
5380.5,0.0
5381.5,13.2232
5382.5,126.95200000000001
5383.5,290.285
5384.5,462.865
5385.5,598.488
5386.5,680.9680000000001
5387.5,722.51
5388.5,716.2769999999999
5389.5,662.452
5390.5,576.757
5391.5,456.51300000000003
5392.5,275.318
5393.5,104.029
5394.5,8.58088
5395.5,0.0
5396.5,0.0
5397.5,0.0
5398.5,0.0
5399.5,0.0
5400.5,0.0
5401.5,0.0
5402.5,0.0
5403.5,0.0
5404.5,0.0
5405.5,2.23759
5406.5,38.8089
5407.5,18.5326
5408.5,219.683
5409.5,312.395
5410.5,122.649
5411.5,202.063
5412.5,467.542
5413.5,596.863
5414.5,607.494
5415.5,283.411
5416.5,268.899
5417.5,100.788
5418.5,9.9667
5419.5,0.0
5420.5,0.0
5421.5,0.0
5422.5,0.0
5423.5,0.0
5424.5,0.0
5425.5,0.0
5426.5,0.0
5427.5,0.0
5428.5,0.0
5429.5,0.0
5430.5,67.2455
5431.5,96.8843
5432.5,200.38299999999998
5433.5,274.76099999999997
5434.5,315.695
5435.5,340.369
5436.5,249.7
5437.5,308.64099999999996
5438.5,242.579
5439.5,176.933
5440.5,95.2511
5441.5,6.13814
5442.5,0.0
5443.5,0.0
5444.5,0.0
5445.5,0.0
5446.5,0.0
5447.5,0.0
5448.5,0.0
5449.5,0.0
5450.5,0.0
5451.5,0.0
5452.5,0.0
5453.5,6.40787
5454.5,87.4257
5455.5,87.4016
5456.5,366.834
5457.5,321.928
5458.5,245.50799999999998
5459.5,250.4
5460.5,354.496
5461.5,425.352
5462.5,471.30199999999996
5463.5,489.091
5464.5,293.717
5465.5,105.139
5466.5,13.0008
5467.5,0.0
5468.5,0.0
5469.5,0.0
5470.5,0.0
5471.5,0.0
5472.5,0.0
5473.5,0.0
5474.5,0.0
5475.5,0.0
5476.5,0.0
5477.5,12.0414
5478.5,114.12799999999999
5479.5,283.983
5480.5,430.57
5481.5,521.544
5482.5,598.493
5483.5,637.563
5484.5,620.984
5485.5,553.877
5486.5,438.20599999999996
5487.5,333.209
5488.5,208.168
5489.5,81.5309
5490.5,1.24062
5491.5,0.0
5492.5,0.0
5493.5,0.0
5494.5,0.0
5495.5,0.0
5496.5,0.0
5497.5,0.0
5498.5,0.0
5499.5,0.0
5500.5,0.0
5501.5,10.3946
5502.5,114.204
5503.5,278.214
5504.5,401.741
5505.5,509.14300000000003
5506.5,580.391
5507.5,606.531
5508.5,585.427
5509.5,556.7919999999999
5510.5,496.397
5511.5,377.18800000000005
5512.5,243.394
5513.5,87.2287
5514.5,3.5405900000000003
5515.5,0.0
5516.5,0.0
5517.5,0.0
5518.5,0.0
5519.5,0.0
5520.5,0.0
5521.5,0.0
5522.5,0.0
5523.5,0.0
5524.5,0.0
5525.5,8.69536
5526.5,114.098
5527.5,298.07599999999996
5528.5,465.31
5529.5,592.461
5530.5,659.674
5531.5,699.5989999999999
5532.5,698.4939999999999
5533.5,656.194
5534.5,567.538
5535.5,426.764
5536.5,256.837
5537.5,83.8002
5538.5,1.93832
5539.5,0.0
5540.5,0.0
5541.5,0.0
5542.5,0.0
5543.5,0.0
5544.5,0.0
5545.5,0.0
5546.5,0.0
5547.5,0.0
5548.5,0.0
5549.5,0.539273
5550.5,80.4129
5551.5,203.135
5552.5,238.139
5553.5,310.623
5554.5,301.707
5555.5,125.16799999999999
5556.5,135.16899999999998
5557.5,167.063
5558.5,231.199
5559.5,337.35
5560.5,252.59
5561.5,98.8433
5562.5,7.55536
5563.5,0.0
5564.5,0.0
5565.5,0.0
5566.5,0.0
5567.5,0.0
5568.5,0.0
5569.5,0.0
5570.5,0.0
5571.5,0.0
5572.5,0.0
5573.5,7.295889999999999
5574.5,113.512
5575.5,293.83
5576.5,468.57
5577.5,598.237
5578.5,680.048
5579.5,723.664
5580.5,721.273
5581.5,667.7
5582.5,564.894
5583.5,423.45
5584.5,250.132
5585.5,79.9124
5586.5,0.49678999999999995
5587.5,0.0
5588.5,0.0
5589.5,0.0
5590.5,0.0
5591.5,0.0
5592.5,0.0
5593.5,0.0
5594.5,0.0
5595.5,0.0
5596.5,0.0
5597.5,6.66591
5598.5,108.071
5599.5,256.999
5600.5,414.341
5601.5,522.5980000000001
5602.5,589.307
5603.5,628.289
5604.5,649.6569999999999
5605.5,602.863
5606.5,523.823
5607.5,401.38599999999997
5608.5,239.65599999999998
5609.5,82.0228
5610.5,1.40076
5611.5,0.0
5612.5,0.0
5613.5,0.0
5614.5,0.0
5615.5,0.0
5616.5,0.0
5617.5,0.0
5618.5,0.0
5619.5,0.0
5620.5,0.0
5621.5,0.0
5622.5,23.5929
5623.5,48.8729
5624.5,76.3408
5625.5,103.07
5626.5,118.189
5627.5,118.87299999999999
5628.5,98.8083
5629.5,91.391
5630.5,84.8586
5631.5,59.8824
5632.5,40.5325
5633.5,16.2675
5634.5,0.0
5635.5,0.0
5636.5,0.0
5637.5,0.0
5638.5,0.0
5639.5,0.0
5640.5,0.0
5641.5,0.0
5642.5,0.0
5643.5,0.0
5644.5,0.0
5645.5,5.72572
5646.5,101.262
5647.5,250.447
5648.5,402.631
5649.5,525.765
5650.5,617.8580000000001
5651.5,655.877
5652.5,644.207
5653.5,620.4540000000001
5654.5,520.0459999999999
5655.5,380.974
5656.5,228.615
5657.5,72.1511
5658.5,0.0
5659.5,0.0
5660.5,0.0
5661.5,0.0
5662.5,0.0
5663.5,0.0
5664.5,0.0
5665.5,0.0
5666.5,0.0
5667.5,0.0
5668.5,0.0
5669.5,3.9674400000000003
5670.5,99.5907
5671.5,251.11
5672.5,385.895
5673.5,503.374
5674.5,593.165
5675.5,589.799
5676.5,585.302
5677.5,547.646
5678.5,465.66
5679.5,362.485
5680.5,220.856
5681.5,71.1908
5682.5,0.0
5683.5,0.0
5684.5,0.0
5685.5,0.0
5686.5,0.0
5687.5,0.0
5688.5,0.0
5689.5,0.0
5690.5,0.0
5691.5,0.0
5692.5,0.0
5693.5,4.87282
5694.5,105.786
5695.5,274.078
5696.5,431.58099999999996
5697.5,550.258
5698.5,637.427
5699.5,684.0160000000001
5700.5,659.6080000000001
5701.5,611.115
5702.5,506.68
5703.5,373.11400000000003
5704.5,214.239
5705.5,67.2488
5706.5,0.0
5707.5,0.0
5708.5,0.0
5709.5,0.0
5710.5,0.0
5711.5,0.0
5712.5,0.0
5713.5,0.0
5714.5,0.0
5715.5,0.0
5716.5,0.0
5717.5,5.468430000000001
5718.5,117.76799999999999
5719.5,219.64700000000002
5720.5,48.5135
5721.5,90.8966
5722.5,422.176
5723.5,223.03400000000002
5724.5,46.6859
5725.5,57.1041
5726.5,329.728
5727.5,377.287
5728.5,253.854
5729.5,72.4812
5730.5,7.54537
5731.5,0.0
5732.5,0.0
5733.5,0.0
5734.5,0.0
5735.5,0.0
5736.5,0.0
5737.5,0.0
5738.5,0.0
5739.5,0.0
5740.5,0.0
5741.5,0.0
5742.5,31.3025
5743.5,84.5709
5744.5,167.296
5745.5,177.15099999999998
5746.5,109.506
5747.5,149.55700000000002
5748.5,168.86
5749.5,154.261
5750.5,203.19799999999998
5751.5,198.278
5752.5,146.015
5753.5,55.8705
5754.5,0.0
5755.5,0.0
5756.5,0.0
5757.5,0.0
5758.5,0.0
5759.5,0.0
5760.5,0.0
5761.5,0.0
5762.5,0.0
5763.5,0.0
5764.5,0.0
5765.5,0.0
5766.5,58.6693
5767.5,137.264
5768.5,231.727
5769.5,279.748
5770.5,299.059
5771.5,301.105
5772.5,268.64
5773.5,244.31099999999998
5774.5,231.28900000000002
5775.5,174.12599999999998
5776.5,105.845
5777.5,39.9287
5778.5,0.0
5779.5,0.0
5780.5,0.0
5781.5,0.0
5782.5,0.0
5783.5,0.0
5784.5,0.0
5785.5,0.0
5786.5,0.0
5787.5,0.0
5788.5,0.0
5789.5,2.34043
5790.5,109.18299999999999
5791.5,295.47700000000003
5792.5,473.425
5793.5,590.352
5794.5,684.174
5795.5,418.57
5796.5,401.026
5797.5,363.035
5798.5,301.803
5799.5,217.738
5800.5,129.02200000000002
5801.5,45.0508
5802.5,0.0
5803.5,0.0
5804.5,0.0
5805.5,0.0
5806.5,0.0
5807.5,0.0
5808.5,0.0
5809.5,0.0
5810.5,0.0
5811.5,0.0
5812.5,0.0
5813.5,0.0
5814.5,61.1152
5815.5,141.44299999999998
5816.5,198.352
5817.5,276.069
5818.5,316.488
5819.5,348.865
5820.5,392.79900000000004
5821.5,354.94800000000004
5822.5,299.822
5823.5,214.815
5824.5,130.235
5825.5,41.8724
5826.5,0.0
5827.5,0.0
5828.5,0.0
5829.5,0.0
5830.5,0.0
5831.5,0.0
6552.5,0.0
6553.5,0.0
6554.5,0.0
6555.5,0.0
6556.5,0.0
6557.5,0.0
6558.5,62.0932
6559.5,192.959
6560.5,251.43099999999998
6561.5,160.39700000000002
6562.5,39.2742
6563.5,42.7821
6564.5,326.943
6565.5,309.285
6566.5,421.486
6567.5,197.635
6568.5,99.0716
6569.5,0.0
6570.5,0.0
6571.5,0.0
6572.5,0.0
6573.5,0.0
6574.5,0.0
6575.5,0.0
6576.5,0.0
6577.5,0.0
6578.5,0.0
6579.5,0.0
6580.5,0.0
6581.5,0.0
6582.5,39.9773
6583.5,130.338
6584.5,254.794
6585.5,350.41900000000004
6586.5,379.531
6587.5,363.855
6588.5,389.285
6589.5,344.135
6590.5,274.121
6591.5,148.864
6592.5,52.452
6593.5,0.0
6594.5,0.0
6595.5,0.0
6596.5,0.0
6597.5,0.0
6598.5,0.0
6599.5,0.0
6600.5,0.0
6601.5,0.0
6602.5,0.0
6603.5,0.0
6604.5,0.0
6605.5,0.0
6606.5,25.7471
6607.5,104.259
6608.5,176.87400000000002
6609.5,225.787
6610.5,279.289
6611.5,266.853
6612.5,298.682
6613.5,258.25
6614.5,188.692
6615.5,115.786
6616.5,41.4483
6617.5,0.0
6618.5,0.0
6619.5,0.0
6620.5,0.0
6621.5,0.0
6622.5,0.0
6623.5,0.0
6624.5,0.0
6625.5,0.0
6626.5,0.0
6627.5,0.0
6628.5,0.0
6629.5,0.0
6630.5,60.431999999999995
6631.5,223.25900000000001
6632.5,392.075
6633.5,516.286
6634.5,591.953
6635.5,648.799
6636.5,578.471
6637.5,508.963
6638.5,388.376
6639.5,226.618
6640.5,79.661
6641.5,0.0
6642.5,0.0
6643.5,0.0
6644.5,0.0
6645.5,0.0
6646.5,0.0
6647.5,0.0
6648.5,0.0
6649.5,0.0
6650.5,0.0
6651.5,0.0
6652.5,0.0
6653.5,0.0
6654.5,55.7099
6655.5,209.456
6656.5,365.333
6657.5,464.037
6658.5,553.212
6659.5,554.351
6660.5,508.005
6661.5,435.11199999999997
6662.5,341.02099999999996
6663.5,194.929
6664.5,73.2899
6665.5,0.0
6666.5,0.0
6667.5,0.0
6668.5,0.0
6669.5,0.0
6670.5,0.0
6671.5,0.0
6672.5,0.0
6673.5,0.0
6674.5,0.0
6675.5,0.0
6676.5,0.0
6677.5,0.0
6678.5,65.2574
6679.5,241.40099999999998
6680.5,423.38800000000003
6681.5,566.239
6682.5,647.544
6683.5,690.7769999999999
6684.5,677.4889999999999
6685.5,606.3969999999999
6686.5,478.22
6687.5,305.23
6688.5,114.30799999999999
6689.5,0.0
6690.5,0.0
6691.5,0.0
6692.5,0.0
6693.5,0.0
6694.5,0.0
6695.5,0.0
6696.5,0.0
6697.5,0.0
6698.5,0.0
6699.5,0.0
6700.5,0.0
6701.5,0.0
6702.5,72.8423
6703.5,274.152
6704.5,474.472
6705.5,619.863
6706.5,711.3489999999999
6707.5,735.585
6708.5,713.063
6709.5,636.802
6710.5,505.89099999999996
6711.5,323.8
6712.5,119.884
6713.5,0.0
6714.5,0.0
6715.5,0.0
6716.5,0.0
6717.5,0.0
6718.5,0.0
6719.5,0.0
6720.5,0.0
6721.5,0.0
6722.5,0.0
6723.5,0.0
6724.5,0.0
6725.5,0.0
6726.5,57.3247
6727.5,216.56099999999998
6728.5,375.314
6729.5,498.269
6730.5,573.732
6731.5,597.066
6732.5,568.347
6733.5,509.125
6734.5,395.44300000000004
6735.5,253.582
6736.5,91.5663
6737.5,0.0
6738.5,0.0
6739.5,0.0
6740.5,0.0
6741.5,0.0
6742.5,0.0
6743.5,0.0
6744.5,0.0
6745.5,0.0
6746.5,0.0
6747.5,0.0
6748.5,0.0
6749.5,0.0
6750.5,47.0577
6751.5,160.062
6752.5,310.697
6753.5,509.217
6754.5,546.658
6755.5,452.091
6756.5,470.17400000000004
6757.5,437.38199999999995
6758.5,357.463
6759.5,284.408
6760.5,118.281
6761.5,0.0
6762.5,0.0
6763.5,0.0
6764.5,0.0
6765.5,0.0
6766.5,0.0
6767.5,0.0
6768.5,0.0
6769.5,0.0
6770.5,0.0
6771.5,0.0
6772.5,0.0
6773.5,0.0
6774.5,14.2679
6775.5,175.53900000000002
6776.5,380.539
6777.5,593.112
6778.5,611.1709999999999
6779.5,665.79
6780.5,498.7
6781.5,350.43800000000005
6782.5,208.535
6783.5,135.14600000000002
6784.5,2.19449
6785.5,0.0
6786.5,0.0
6787.5,0.0
6788.5,0.0
6789.5,0.0
6790.5,0.0
6791.5,0.0
6792.5,0.0
6793.5,0.0
6794.5,0.0
6795.5,0.0
6796.5,0.0
6797.5,0.0
6798.5,2.38288
6799.5,93.1953
6800.5,116.742
6801.5,80.0305
6802.5,374.838
6803.5,368.70300000000003
6804.5,430.673
6805.5,309.214
6806.5,284.513
6807.5,243.205
6808.5,6.932119999999999
6809.5,0.0
6810.5,0.0
6811.5,0.0
6812.5,0.0
6813.5,0.0
6814.5,0.0
6815.5,0.0
6816.5,0.0
6817.5,0.0
6818.5,0.0
6819.5,0.0
6820.5,0.0
6821.5,0.0
6822.5,38.4649
6823.5,248.419
6824.5,405.931
6825.5,203.487
6826.5,209.137
6827.5,249.187
6828.5,608.125
6829.5,470.42699999999996
6830.5,272.70099999999996
6831.5,215.68
6832.5,84.1597
6833.5,0.0
6834.5,0.0
6835.5,0.0
6836.5,0.0
6837.5,0.0
6838.5,0.0
6839.5,0.0
6840.5,0.0
6841.5,0.0
6842.5,0.0
6843.5,0.0
6844.5,0.0
6845.5,0.0
6846.5,5.099480000000001
6847.5,83.1899
6848.5,94.9474
6849.5,280.27099999999996
6850.5,293.753
6851.5,249.21599999999998
6852.5,197.454
6853.5,307.86400000000003
6854.5,244.703
6855.5,259.858
6856.5,87.5117
6857.5,0.0
6858.5,0.0
6859.5,0.0
6860.5,0.0
6861.5,0.0
6862.5,0.0
6863.5,0.0
6864.5,0.0
6865.5,0.0
6866.5,0.0
6867.5,0.0
6868.5,0.0
6869.5,0.0
6870.5,0.0
6871.5,55.6278
6872.5,59.4429
6873.5,319.344
6874.5,335.80699999999996
6875.5,365.2
6876.5,432.586
6877.5,224.91099999999997
6878.5,450.658
6879.5,304.665
6880.5,98.744
6881.5,0.0
6882.5,0.0
6883.5,0.0
6884.5,0.0
6885.5,0.0
6886.5,0.0
6887.5,0.0
6888.5,0.0
6889.5,0.0
6890.5,0.0
6891.5,0.0
6892.5,0.0
6893.5,0.0
6894.5,3.45885
6895.5,85.9698
6896.5,139.174
6897.5,381.81800000000004
6898.5,460.95
6899.5,562.5740000000001
6900.5,614.901
6901.5,529.8290000000001
6902.5,377.129
6903.5,207.203
6904.5,72.4193
6905.5,0.0
6906.5,0.0
6907.5,0.0
6908.5,0.0
6909.5,0.0
6910.5,0.0
6911.5,0.0
6912.5,0.0
6913.5,0.0
6914.5,0.0
6915.5,0.0
6916.5,0.0
6917.5,0.0
6918.5,9.7536
6919.5,225.15900000000002
6920.5,421.129
6921.5,566.05
6922.5,651.395
6923.5,675.7869999999999
6924.5,639.2090000000001
6925.5,552.36
6926.5,415.184
6927.5,239.25799999999998
6928.5,68.8012
6929.5,0.0
6930.5,0.0
6931.5,0.0
6932.5,0.0
6933.5,0.0
6934.5,0.0
6935.5,0.0
6936.5,0.0
6937.5,0.0
6938.5,0.0
6939.5,0.0
6940.5,0.0
6941.5,0.0
6942.5,8.830160000000001
6943.5,232.889
6944.5,421.223
6945.5,507.398
6946.5,606.0740000000001
6947.5,596.253
6948.5,573.8530000000001
6949.5,442.211
6950.5,340.70599999999996
6951.5,190.507
6952.5,66.1947
6953.5,0.0
6954.5,0.0
6955.5,0.0
6956.5,0.0
6957.5,0.0
6958.5,0.0
6959.5,0.0
6960.5,0.0
6961.5,0.0
6962.5,0.0
6963.5,0.0
6964.5,0.0
6965.5,0.0
6966.5,6.08885
6967.5,6.93688
6968.5,18.1151
6969.5,112.58200000000001
6970.5,33.3886
6971.5,99.3899
6972.5,660.576
6973.5,507.501
6974.5,448.74
6975.5,263.817
6976.5,75.9365
6977.5,0.0
6978.5,0.0
6979.5,0.0
6980.5,0.0
6981.5,0.0
6982.5,0.0
6983.5,0.0
6984.5,0.0
6985.5,0.0
6986.5,0.0
6987.5,0.0
6988.5,0.0
6989.5,0.0
6990.5,0.0
6991.5,7.9772300000000005
6992.5,19.2281
6993.5,28.7675
6994.5,233.476
6995.5,137.127
6996.5,323.407
6997.5,546.466
6998.5,476.79400000000004
6999.5,191.955
7000.5,17.3721
7001.5,0.0
7002.5,0.0
7003.5,0.0
7004.5,0.0
7005.5,0.0
7006.5,0.0
7007.5,0.0
7008.5,0.0
7009.5,0.0
7010.5,0.0
7011.5,0.0
7012.5,0.0
7013.5,0.0
7014.5,2.65754
7015.5,118.97399999999999
7016.5,229.542
7017.5,340.649
7018.5,404.51800000000003
7019.5,568.09
7020.5,570.78
7021.5,404.504
7022.5,375.746
7023.5,223.563
7024.5,20.5464
7025.5,0.0
7026.5,0.0
7027.5,0.0
7028.5,0.0
7029.5,0.0
7030.5,0.0
7031.5,0.0
7032.5,0.0
7033.5,0.0
7034.5,0.0
7035.5,0.0
7036.5,0.0
7037.5,0.0
7038.5,0.904051
7039.5,136.766
7040.5,248.687
7041.5,376.199
7042.5,358.227
7043.5,499.935
7044.5,459.43300000000005
7045.5,376.055
7046.5,368.32
7047.5,256.735
7048.5,30.0119
7049.5,0.0
7050.5,0.0
7051.5,0.0
7052.5,0.0
7053.5,0.0
7054.5,0.0
7055.5,0.0
7056.5,0.0
7057.5,0.0
7058.5,0.0
7059.5,0.0
7060.5,0.0
7061.5,0.0
7062.5,0.0
7063.5,53.503
7064.5,102.51
7065.5,167.49900000000002
7066.5,154.732
7067.5,326.32099999999997
7068.5,283.623
7069.5,251.018
7070.5,304.935
7071.5,200.541
7072.5,15.6087
7073.5,0.0
7074.5,0.0
7075.5,0.0
7076.5,0.0
7077.5,0.0
7078.5,0.0
7079.5,0.0
7080.5,0.0
7081.5,0.0
7082.5,0.0
7083.5,0.0
7084.5,0.0
7085.5,0.0
7086.5,4.61672
7087.5,183.99099999999999
7088.5,350.789
7089.5,474.151
7090.5,573.783
7091.5,661.515
7092.5,643.24
7093.5,504.656
7094.5,370.055
7095.5,200.425
7096.5,7.74915
7097.5,0.0
7098.5,0.0
7099.5,0.0
7100.5,0.0
7101.5,0.0
7102.5,0.0
7103.5,0.0
7104.5,0.0
7105.5,0.0
7106.5,0.0
7107.5,0.0
7108.5,0.0
7109.5,0.0
7110.5,0.0
7111.5,104.25299999999999
7112.5,250.313
7113.5,375.385
7114.5,383.39099999999996
7115.5,263.879
7116.5,229.75799999999998
7117.5,212.18900000000002
7118.5,179.05900000000003
7119.5,106.031
7120.5,1.75948
7121.5,0.0
7122.5,0.0
7123.5,0.0
7124.5,0.0
7125.5,0.0
7126.5,0.0
7127.5,0.0
7128.5,0.0
7129.5,0.0
7130.5,0.0
7131.5,0.0
7132.5,0.0
7133.5,0.0
7134.5,0.0
7135.5,8.03544
7136.5,55.9394
7137.5,109.51299999999999
7138.5,120.211
7139.5,90.3162
7140.5,51.2017
7141.5,436.059
7142.5,370.333
7143.5,121.605
7144.5,0.0
7145.5,0.0
7146.5,0.0
7147.5,0.0
7148.5,0.0
7149.5,0.0
7150.5,0.0
7151.5,0.0
7152.5,0.0
7153.5,0.0
7154.5,0.0
7155.5,0.0
7156.5,0.0
7157.5,0.0
7158.5,2.07523
7159.5,195.22799999999998
7160.5,375.406
7161.5,525.536
7162.5,620.191
7163.5,644.197
7164.5,627.846
7165.5,548.411
7166.5,399.798
7167.5,231.16
7168.5,7.9615800000000005
7169.5,0.0
7170.5,0.0
7171.5,0.0
7172.5,0.0
7173.5,0.0
7174.5,0.0
7175.5,0.0
7176.5,0.0
7177.5,0.0
7178.5,0.0
7179.5,0.0
7180.5,0.0
7181.5,0.0
7182.5,0.0
7183.5,19.6159
7184.5,37.9475
7185.5,43.1353
7186.5,92.5676
7187.5,94.7157
7188.5,40.564
7189.5,493.824
7190.5,385.654
7191.5,208.543
7192.5,6.130240000000001
7193.5,0.0
7194.5,0.0
7195.5,0.0
7196.5,0.0
7197.5,0.0
7198.5,0.0
7199.5,0.0
7200.5,0.0
7201.5,0.0
7202.5,0.0
7203.5,0.0
7204.5,0.0
7205.5,0.0
7206.5,0.0
7207.5,86.6286
7208.5,175.618
7209.5,253.23
7210.5,295.264
7211.5,319.421
7212.5,300.968
7213.5,254.382
7214.5,164.071
7215.5,68.7201
7216.5,0.0
7217.5,0.0
7218.5,0.0
7219.5,0.0
7220.5,0.0
7221.5,0.0
7222.5,0.0
7223.5,0.0
7224.5,0.0
7225.5,0.0
7226.5,0.0
7227.5,0.0
7228.5,0.0
7229.5,0.0
7230.5,0.0
7231.5,38.4563
7232.5,63.6388
7233.5,215.515
7234.5,258.474
7235.5,292.063
7236.5,247.52200000000002
7237.5,98.665
7238.5,91.5207
7239.5,66.10300000000001
7240.5,3.6069400000000003
7241.5,0.0
7242.5,0.0
7243.5,0.0
7244.5,0.0
7245.5,0.0
7246.5,0.0
7247.5,0.0
7248.5,0.0
7249.5,0.0
7250.5,0.0
7251.5,0.0
7252.5,0.0
7253.5,0.0
7254.5,0.0
7255.5,184.577
7256.5,254.84400000000002
7257.5,322.329
7258.5,301.738
7259.5,293.004
7260.5,257.742
7261.5,299.205
7262.5,221.762
7263.5,35.1438
7264.5,0.0
7265.5,0.0
7266.5,0.0
7267.5,0.0
7268.5,0.0
7269.5,0.0
7270.5,0.0
7271.5,0.0
7272.5,0.0
7273.5,0.0
7274.5,0.0
7275.5,0.0
7276.5,0.0
7277.5,0.0
7278.5,0.0
7279.5,5.4951300000000005
7280.5,40.6871
7281.5,244.592
7282.5,556.094
7283.5,318.371
7284.5,377.35900000000004
7285.5,365.309
7286.5,276.914
7287.5,225.06900000000002
7288.5,7.81905
7289.5,0.0
7290.5,0.0
7291.5,0.0
7292.5,0.0
7293.5,0.0
7294.5,0.0
7295.5,0.0
8016.5,0.0
8017.5,0.0
8018.5,0.0
8019.5,0.0
8020.5,0.0
8021.5,0.0
8022.5,0.0
8023.5,7.58552
8024.5,134.655
8025.5,89.9782
8026.5,76.7833
8027.5,107.15799999999999
8028.5,206.762
8029.5,203.109
8030.5,175.465
8031.5,108.852
8032.5,0.0
8033.5,0.0
8034.5,0.0
8035.5,0.0
8036.5,0.0
8037.5,0.0
8038.5,0.0
8039.5,0.0
8040.5,0.0
8041.5,0.0
8042.5,0.0
8043.5,0.0
8044.5,0.0
8045.5,0.0
8046.5,0.0
8047.5,0.0
8048.5,16.6006
8049.5,32.8199
8050.5,44.4844
8051.5,48.956
8052.5,44.4558
8053.5,35.4604
8054.5,25.5659
8055.5,8.44994
8056.5,0.0
8057.5,0.0
8058.5,0.0
8059.5,0.0
8060.5,0.0
8061.5,0.0
8062.5,0.0
8063.5,0.0
8064.5,0.0
8065.5,0.0
8066.5,0.0
8067.5,0.0
8068.5,0.0
8069.5,0.0
8070.5,0.0
8071.5,1.15411
8072.5,63.4539
8073.5,116.86200000000001
8074.5,98.7452
8075.5,95.0582
8076.5,109.553
8077.5,63.7451
8078.5,42.4779
8079.5,14.3745
8080.5,0.0
8081.5,0.0
8082.5,0.0
8083.5,0.0
8084.5,0.0
8085.5,0.0
8086.5,0.0
8087.5,0.0
8088.5,0.0
8089.5,0.0
8090.5,0.0
8091.5,0.0
8092.5,0.0
8093.5,0.0
8094.5,0.0
8095.5,1.17265
8096.5,56.3382
8097.5,69.9879
8098.5,98.4401
8099.5,99.2627
8100.5,88.1362
8101.5,93.01
8102.5,33.0487
8103.5,7.42685
8104.5,0.0
8105.5,0.0
8106.5,0.0
8107.5,0.0
8108.5,0.0
8109.5,0.0
8110.5,0.0
8111.5,0.0
8112.5,0.0
8113.5,0.0
8114.5,0.0
8115.5,0.0
8116.5,0.0
8117.5,0.0
8118.5,0.0
8119.5,0.0
8120.5,32.9742
8121.5,79.4196
8122.5,76.965
8123.5,103.805
8124.5,103.05799999999999
8125.5,80.3864
8126.5,69.9933
8127.5,33.3079
8128.5,0.0
8129.5,0.0
8130.5,0.0
8131.5,0.0
8132.5,0.0
8133.5,0.0
8134.5,0.0
8135.5,0.0
8136.5,0.0
8137.5,0.0
8138.5,0.0
8139.5,0.0
8140.5,0.0
8141.5,0.0
8142.5,0.0
8143.5,12.4879
8144.5,303.487
8145.5,465.49199999999996
8146.5,461.408
8147.5,347.73
8148.5,230.87599999999998
8149.5,266.014
8150.5,282.155
8151.5,111.755
8152.5,0.0
8153.5,0.0
8154.5,0.0
8155.5,0.0
8156.5,0.0
8157.5,0.0
8158.5,0.0
8159.5,0.0
8160.5,0.0
8161.5,0.0
8162.5,0.0
8163.5,0.0
8164.5,0.0
8165.5,0.0
8166.5,0.0
8167.5,1.3602
8168.5,112.17
8169.5,272.33799999999997
8170.5,283.78
8171.5,309.303
8172.5,292.488
8173.5,257.658
8174.5,278.002
8175.5,178.363
8176.5,0.0
8177.5,0.0
8178.5,0.0
8179.5,0.0
8180.5,0.0
8181.5,0.0
8182.5,0.0
8183.5,0.0
8184.5,0.0
8185.5,0.0
8186.5,0.0
8187.5,0.0
8188.5,0.0
8189.5,0.0
8190.5,0.0
8191.5,6.81102
8192.5,135.28799999999998
8193.5,187.39700000000002
8194.5,342.219
8195.5,146.50799999999998
8196.5,161.71
8197.5,144.678
8198.5,54.99
8199.5,3.00598
8200.5,0.0
8201.5,0.0
8202.5,0.0
8203.5,0.0
8204.5,0.0
8205.5,0.0
8206.5,0.0
8207.5,0.0
8208.5,0.0
8209.5,0.0
8210.5,0.0
8211.5,0.0
8212.5,0.0
8213.5,0.0
8214.5,0.0
8215.5,0.0
8216.5,50.4545
8217.5,234.13
8218.5,299.692
8219.5,239.74099999999999
8220.5,287.652
8221.5,180.15099999999998
8222.5,74.9914
8223.5,65.331
8224.5,0.0
8225.5,0.0
8226.5,0.0
8227.5,0.0
8228.5,0.0
8229.5,0.0
8230.5,0.0
8231.5,0.0
8232.5,0.0
8233.5,0.0
8234.5,0.0
8235.5,0.0
8236.5,0.0
8237.5,0.0
8238.5,0.0
8239.5,6.02896
8240.5,258.779
8241.5,396.509
8242.5,522.556
8243.5,543.238
8244.5,483.084
8245.5,442.751
8246.5,321.64
8247.5,140.721
8248.5,0.0
8249.5,0.0
8250.5,0.0
8251.5,0.0
8252.5,0.0
8253.5,0.0
8254.5,0.0
8255.5,0.0
8256.5,0.0
8257.5,0.0
8258.5,0.0
8259.5,0.0
8260.5,0.0
8261.5,0.0
8262.5,0.0
8263.5,4.31631
8264.5,252.203
8265.5,431.54
8266.5,546.504
8267.5,565.935
8268.5,559.894
8269.5,462.82599999999996
8270.5,330.18199999999996
8271.5,144.78
8272.5,0.0
8273.5,0.0
8274.5,0.0
8275.5,0.0
8276.5,0.0
8277.5,0.0
8278.5,0.0
8279.5,0.0
8280.5,0.0
8281.5,0.0
8282.5,0.0
8283.5,0.0
8284.5,0.0
8285.5,0.0
8286.5,0.0
8287.5,3.1581799999999998
8288.5,231.269
8289.5,393.298
8290.5,505.12699999999995
8291.5,574.308
8292.5,539.614
8293.5,475.733
8294.5,349.194
8295.5,164.067
8296.5,0.0
8297.5,0.0
8298.5,0.0
8299.5,0.0
8300.5,0.0
8301.5,0.0
8302.5,0.0
8303.5,0.0
8304.5,0.0
8305.5,0.0
8306.5,0.0
8307.5,0.0
8308.5,0.0
8309.5,0.0
8310.5,0.0
8311.5,3.21278
8312.5,265.47900000000004
8313.5,445.25699999999995
8314.5,556.372
8315.5,600.862
8316.5,588.326
8317.5,500.435
8318.5,350.764
8319.5,169.324
8320.5,0.0
8321.5,0.0
8322.5,0.0
8323.5,0.0
8324.5,0.0
8325.5,0.0
8326.5,0.0
8327.5,0.0
8328.5,0.0
8329.5,0.0
8330.5,0.0
8331.5,0.0
8332.5,0.0
8333.5,0.0
8334.5,0.0
8335.5,3.00395
8336.5,53.62
8337.5,94.459
8338.5,223.646
8339.5,157.953
8340.5,188.50599999999997
8341.5,315.965
8342.5,374.08099999999996
8343.5,164.389
8344.5,0.0
8345.5,0.0
8346.5,0.0
8347.5,0.0
8348.5,0.0
8349.5,0.0
8350.5,0.0
8351.5,0.0
8352.5,0.0
8353.5,0.0
8354.5,0.0
8355.5,0.0
8356.5,0.0
8357.5,0.0
8358.5,0.0
8359.5,0.0
8360.5,24.1532
8361.5,55.458
8362.5,85.0584
8363.5,95.012
8364.5,89.42
8365.5,73.8238
8366.5,41.6558
8367.5,9.06987
8368.5,0.0
8369.5,0.0
8370.5,0.0
8371.5,0.0
8372.5,0.0
8373.5,0.0
8374.5,0.0
8375.5,0.0
8376.5,0.0
8377.5,0.0
8378.5,0.0
8379.5,0.0
8380.5,0.0
8381.5,0.0
8382.5,0.0
8383.5,0.0
8384.5,15.9223
8385.5,35.1214
8386.5,51.4737
8387.5,55.6388
8388.5,52.1051
8389.5,386.27
8390.5,288.152
8391.5,128.648
8392.5,0.0
8393.5,0.0
8394.5,0.0
8395.5,0.0
8396.5,0.0
8397.5,0.0
8398.5,0.0
8399.5,0.0
8400.5,0.0
8401.5,0.0
8402.5,0.0
8403.5,0.0
8404.5,0.0
8405.5,0.0
8406.5,0.0
8407.5,3.0164400000000002
8408.5,239.333
8409.5,187.805
8410.5,257.336
8411.5,439.236
8412.5,479.28
8413.5,312.383
8414.5,159.154
8415.5,137.428
8416.5,0.0
8417.5,0.0
8418.5,0.0
8419.5,0.0
8420.5,0.0
8421.5,0.0
8422.5,0.0
8423.5,0.0
8424.5,0.0
8425.5,0.0
8426.5,0.0
8427.5,0.0
8428.5,0.0
8429.5,0.0
8430.5,0.0
8431.5,0.0
8432.5,64.5875
8433.5,111.44200000000001
8434.5,294.737
8435.5,304.85400000000004
8436.5,404.209
8437.5,333.38
8438.5,182.764
8439.5,105.684
8440.5,0.0
8441.5,0.0
8442.5,0.0
8443.5,0.0
8444.5,0.0
8445.5,0.0
8446.5,0.0
8447.5,0.0
8448.5,0.0
8449.5,0.0
8450.5,0.0
8451.5,0.0
8452.5,0.0
8453.5,0.0
8454.5,0.0
8455.5,1.1059700000000001
8456.5,189.56400000000002
8457.5,332.97900000000004
8458.5,432.98
8459.5,471.54900000000004
8460.5,449.968
8461.5,379.67
8462.5,272.893
8463.5,130.378
8464.5,0.0
8465.5,0.0
8466.5,0.0
8467.5,0.0
8468.5,0.0
8469.5,0.0
8470.5,0.0
8471.5,0.0
8472.5,0.0
8473.5,0.0
8474.5,0.0
8475.5,0.0
8476.5,0.0
8477.5,0.0
8478.5,0.0
8479.5,1.1437700000000002
8480.5,185.002
8481.5,331.142
8482.5,420.126
8483.5,474.58
8484.5,457.505
8485.5,392.494
8486.5,277.957
8487.5,120.88600000000001
8488.5,0.0
8489.5,0.0
8490.5,0.0
8491.5,0.0
8492.5,0.0
8493.5,0.0
8494.5,0.0
8495.5,0.0
8496.5,0.0
8497.5,0.0
8498.5,0.0
8499.5,0.0
8500.5,0.0
8501.5,0.0
8502.5,0.0
8503.5,0.487029
8504.5,163.38299999999998
8505.5,301.959
8506.5,419.56800000000004
8507.5,432.25
8508.5,428.44300000000004
8509.5,381.163
8510.5,275.288
8511.5,121.228
8512.5,0.0
8513.5,0.0
8514.5,0.0
8515.5,0.0
8516.5,0.0
8517.5,0.0
8518.5,0.0
8519.5,0.0
8520.5,0.0
8521.5,0.0
8522.5,0.0
8523.5,0.0
8524.5,0.0
8525.5,0.0
8526.5,0.0
8527.5,0.371685
8528.5,190.49200000000002
8529.5,336.996
8530.5,431.588
8531.5,451.909
8532.5,426.691
8533.5,364.348
8534.5,251.80599999999998
8535.5,121.3
8536.5,0.0
8537.5,0.0
8538.5,0.0
8539.5,0.0
8540.5,0.0
8541.5,0.0
8542.5,0.0
8543.5,0.0
8544.5,0.0
8545.5,0.0
8546.5,0.0
8547.5,0.0
8548.5,0.0
8549.5,0.0
8550.5,0.0
8551.5,0.451113
8552.5,187.733
8553.5,325.374
8554.5,431.038
8555.5,484.724
8556.5,485.594
8557.5,417.028
8558.5,295.9
8559.5,143.668
8560.5,0.0
8561.5,0.0
8562.5,0.0
8563.5,0.0
8564.5,0.0
8565.5,0.0
8566.5,0.0
8567.5,0.0
8568.5,0.0
8569.5,0.0
8570.5,0.0
8571.5,0.0
8572.5,0.0
8573.5,0.0
8574.5,0.0
8575.5,0.0
8576.5,23.4575
8577.5,58.8313
8578.5,77.6322
8579.5,79.0982
8580.5,73.1653
8581.5,480.949
8582.5,380.019
8583.5,186.22099999999998
8584.5,0.0
8585.5,0.0
8586.5,0.0
8587.5,0.0
8588.5,0.0
8589.5,0.0
8590.5,0.0
8591.5,0.0
8592.5,0.0
8593.5,0.0
8594.5,0.0
8595.5,0.0
8596.5,0.0
8597.5,0.0
8598.5,0.0
8599.5,0.0
8600.5,144.576
8601.5,263.875
8602.5,296.45599999999996
8603.5,326.767
8604.5,343.006
8605.5,271.709
8606.5,183.627
8607.5,62.2029
8608.5,0.0
8609.5,0.0
8610.5,0.0
8611.5,0.0
8612.5,0.0
8613.5,0.0
8614.5,0.0
8615.5,0.0
8616.5,0.0
8617.5,0.0
8618.5,0.0
8619.5,0.0
8620.5,0.0
8621.5,0.0
8622.5,0.0
8623.5,0.630268
8624.5,233.57
8625.5,395.76199999999994
8626.5,514.232
8627.5,553.952
8628.5,536.215
8629.5,489.93
8630.5,361.023
8631.5,179.174
8632.5,0.0
8633.5,0.0
8634.5,0.0
8635.5,0.0
8636.5,0.0
8637.5,0.0
8638.5,0.0
8639.5,0.0
8640.5,0.0
8641.5,0.0
8642.5,0.0
8643.5,0.0
8644.5,0.0
8645.5,0.0
8646.5,0.0
8647.5,0.0
8648.5,172.162
8649.5,236.11700000000002
8650.5,291.363
8651.5,624.067
8652.5,391.095
8653.5,367.561
8654.5,292.286
8655.5,91.571
8656.5,0.0
8657.5,0.0
8658.5,0.0
8659.5,0.0
8660.5,0.0
8661.5,0.0
8662.5,0.0
8663.5,0.0
8664.5,0.0
8665.5,0.0
8666.5,0.0
8667.5,0.0
8668.5,0.0
8669.5,0.0
8670.5,0.0
8671.5,0.530717
8672.5,240.81
8673.5,429.505
8674.5,507.44
8675.5,538.347
8676.5,515.9
8677.5,459.775
8678.5,338.275
8679.5,149.344
8680.5,0.0
8681.5,0.0
8682.5,0.0
8683.5,0.0
8684.5,0.0
8685.5,0.0
8686.5,0.0
8687.5,0.0
8688.5,0.0
8689.5,0.0
8690.5,0.0
8691.5,0.0
8692.5,0.0
8693.5,0.0
8694.5,0.0
8695.5,0.382292
8696.5,205.565
8697.5,330.957
8698.5,331.791
8699.5,432.031
8700.5,514.9259999999999
8701.5,457.219
8702.5,335.19599999999997
8703.5,173.945
8704.5,0.0
8705.5,0.0
8706.5,0.0
8707.5,0.0
8708.5,0.0
8709.5,0.0
8710.5,0.0
8711.5,0.0
8712.5,0.0
8713.5,0.0
8714.5,0.0
8715.5,0.0
8716.5,0.0
8717.5,0.0
8718.5,0.0
8719.5,0.0
8720.5,97.0871
8721.5,228.079
8722.5,386.077
8723.5,152.774
8724.5,61.931000000000004
8725.5,48.8555
8726.5,131.129
8727.5,41.1934
8728.5,0.0
8729.5,0.0
8730.5,0.0
8731.5,0.0
8732.5,0.0
8733.5,0.0
8734.5,0.0
8735.5,0.0
8736.5,0.0
8737.5,0.0
8738.5,0.0
8739.5,0.0
8740.5,0.0
8741.5,0.0
8742.5,0.0
8743.5,0.0
8744.5,84.9041
8745.5,141.597
8746.5,207.8
8747.5,220.615
8748.5,246.71900000000002
8749.5,211.107
8750.5,135.971
8751.5,45.27
8752.5,0.0
8753.5,0.0
8754.5,0.0
8755.5,0.0
8756.5,0.0
8757.5,0.0
8758.5,0.0
8759.5,0.0
